1,April,Marvin,Olson Electronics,(08) 8748 8350,AprilSMarvin@pookmail.com,4/17/1943,Grobleaugg.gif
2,Nila,Stevens,Konsili,(03) 5329 3233,NilaJStevens@trashymail.com,5/21/1960,Himer1960.gif
3,Ryan,Torres,Raleigh's,(07) 4579 3598,RyanLTorres@spambob.com,2/8/1971,Chice1971.gif
4,George,Turner,Coon Chicken Inn,(02) 9574 6804,GeorgeMTurner@spambob.com,6/13/1964,Busequithe.gif
5,Angie,Dressler,Computer City,(02) 4092 9074,AngieJDressler@dodgit.com,1/6/1988,Prefor.gif
6,Thomas,Clark,Eden Lawn Service,(02) 9793 4790,ThomasDClark@trashymail.com,6/14/1976,Grapir.gif
7,John,Larsen,Just For Feet,(03) 5336 3234,JohnMLarsen@dodgit.com,11/4/1948,Shollstrown1948.gif
8,Peggy,McLaughlin,J. K. Gill Company,(03) 5358 5441,PeggyRMcLaughlin@spambob.com,7/12/1986,Morge1986.gif
9,Floyd,Wagner,Food Giant,(07) 4556 4109,FloydJWagner@dodgit.com,11/23/1950,Recinext.gif
10,Shannon,Talley,World of Fun,(02) 4948 7856,ShannonGTalley@spambob.com,2/13/1983,Forting.gif
11,Cedrick,Beringer,Acuserv,(02) 6129 1375,CedrickJBeringer@spambob.com,9/5/1969,Therant.gif
12,Elaine,Commander,Best Products,(07) 4917 3829,ElaineJCommander@mailinator.com,9/23/1977,Thosee.gif
13,Ronald,Harshbarger,Netstars Matrix Design,(02) 4919 8510,RonaldEHarshbarger@pookmail.com,11/22/1940,Thoing.gif
14,Juanita,Groth,Kelly and Cohen,(03) 6264 3798,JuanitaWGroth@pookmail.com,8/5/1933,Nothe1933.gif
15,Lisa,Nestor,BASCO,(03) 5323 6184,LisaTNestor@dodgit.com,12/13/1962,Leards.gif
16,Terry,Harris,Megatronic,(03) 5354 9680,TerryAHarris@pookmail.com,10/9/1982,Anctoesend.gif
17,Joseph,Brandon,White Coffee Pot,(02) 6114 2464,JosephBBrandon@mailinator.com,2/11/1928,Hillect.gif
18,Betty,Danna,Hollywood Video,(03) 5330 1464,BettyRDanna@mailinator.com,3/29/1938,Applad.gif
19,Brad,Bruner,Handy Dan,(08) 8364 6597,BradDBruner@trashymail.com,6/24/1989,Poper1989.gif
20,Richard,Sullivan,McMahan's Furniture,(08) 8210 9659,RichardBSullivan@spambob.com,2/5/1963,Sapeate.gif
21,Jacqueline,Christner,FlowerTime,(03) 9783 9007,JacquelineEChristner@mailinator.com,2/18/1982,Evering.gif
22,Trula,McLain,Planet Pizza,(03) 9790 1259,TrulaGMcLain@mailinator.com,12/4/1943,Kneve1943.gif
23,Charles,McCoy,Mighty Casey's,(02) 6796 2978,CharlesSMcCoy@spambob.com,7/29/1962,Lifeatchas.gif
24,Ernesto,Smith,Reliable Investments,(07) 3956 6281,ErnestoDSmith@pookmail.com,5/11/1932,Counce.gif
25,Larry,Holley,Elm Farm,(02) 4055 9130,LarryCHolley@dodgit.com,1/21/1982,Sead1982.gif
26,James,Parisien,Parklane Hosiery,(02) 9047 0264,JamesMParisien@trashymail.com,10/17/1931,Courst.gif
27,Claude,Harris,AJ Bayless,(02) 6708 1536,ClaudeSHarris@trashymail.com,4/21/1938,Tharrife.gif
28,Forrest,Perrone,Whitlocks Auto Supply,(02) 6726 8704,ForrestMPerrone@spambob.com,1/29/1928,Henin1928.gif
29,Kenneth,Johnson,Richman Brothers,(02) 4073 9775,KennethTJohnson@pookmail.com,10/31/1939,Verea1939.gif
30,Philip,Griffin,National Record Mart,(02) 4002 5758,PhilipRGriffin@spambob.com,11/4/1992,Volappece.gif
31,George,Yi,Weatherill's,(02) 6701 0041,GeorgeLYi@dodgit.com,12/14/1985,Placque.gif
32,Herbert,Collman,Buena Vista Realty Service,(02) 6716 8422,HerbertNCollman@mailinator.com,11/8/1959,Thught.gif
33,Rosario,Morphis,Food Giant,(08) 8289 0475,RosarioJMorphis@dodgit.com,12/4/1982,Rempley.gif
34,Curtis,Ault,Gottschalks,(08) 8788 1730,CurtisJAult@dodgit.com,10/21/1984,Jealifted1984.gif
35,Jonathan,Seaton,Source Club,(08) 9093 5375,JonathanVSeaton@trashymail.com,12/30/1945,Comentse45.gif
36,Edna,Williams,Payless Cashways,(03) 8235 6489,EdnaJWilliams@spambob.com,8/8/1988,Hason1988.gif
37,Lorretta,Baker,Wells & Wade,(03) 5391 2503,LorrettaLBaker@trashymail.com,9/29/1939,Thervint.gif
38,Marilyn,Lavin,Gallenkamp,(08) 9017 1840,MarilynDLavin@spambob.com,7/29/1952,Bither.gif
39,Amber,Thames,Sandy's,(02) 6760 9832,AmberJThames@trashymail.com,8/29/1940,Sured1940.gif
40,Barbara,Medina,Lindsley's Lumber,(07) 4923 7678,BarbaraRMedina@mailinator.com,3/28/1968,Thaparme.gif
41,Justin,Heyward,Frank and Seder,(03) 9569 8303,JustinTHeyward@trashymail.com,4/5/1941,Itaing.gif
42,William,Carter,Cut Rite Lawn Care,(02) 6670 3452,WilliamCCarter@pookmail.com,10/17/1942,Pgdoed.gif
43,Thomas,Miller,Parts and Pieces,(03) 6211 5542,ThomasPMiller@mailinator.com,3/1/1966,Vaterid.gif
44,Harriet,Bergerson,Mr. AG's,(03) 5335 3255,HarrietRBergerson@spambob.com,12/6/1983,Knectee.gif
45,Paul,Wasserman,Pantry Food Stores,(02) 6738 1073,PaulBWasserman@dodgit.com,11/21/1982,Whent1982.gif
46,Jorge,Ford,Crown Auto Parts,(02) 6717 3321,JorgeWFord@dodgit.com,6/18/1943,Swervat.gif
47,Jeffery,Noe,StopGrey,(03) 5351 6243,JefferyTNoe@mailinator.com,3/11/1933,Minat1933.gif
48,Barbara,Hilburn,Burger Chef,(03) 9241 9858,BarbaraCHilburn@mailinator.com,9/2/1933,Magicittake.gif
49,Rick,Blalock,MagnaSolution,(08) 8230 2010,RickEBlalock@dodgit.com,12/5/1928,Wile1928.gif
50,Michael,Pal,Universal Design Partners,(03) 6293 0535,MichaelLPal@trashymail.com,5/22/1939,Belabothe.gif
51,Dwight,Pruitt,Casual Corner,(08) 8340 3684,DwightMPruitt@mailinator.com,12/27/1978,Pelf1978.gif
52,Lucy,Hernandez,De-Jaiz Mens Clothing,(08) 9078 8407,LucyAHernandez@pookmail.com,10/14/1950,Exace1950.gif
53,William,Gerber,Food Barn,(02) 4932 1927,WilliamMGerber@pookmail.com,12/5/1993,Heeut1993.gif
54,Richard,Tuck,Elm Farm,(02) 6701 7827,RichardETuck@dodgit.com,5/28/1990,Agniza.gif
55,Suzanne,Reid,Pay'N Takeit,(02) 6798 3663,SuzanneRReid@mailinator.com,7/25/1972,Ephimagent.gif
56,Sandra,Doucette,Cavages,(03) 9118 8959,SandraJDoucette@mailinator.com,10/29/1943,Sinvisithe.gif
57,Dorothy,Bailey,Vitagee,(08) 8253 9292,DorothyBBailey@pookmail.com,12/11/1946,Kand1946.gif
58,Joshua,Rush,Museum Company,(07) 4598 5946,JoshuaCRush@pookmail.com,10/11/1941,Camor1941.gif
59,Dewey,Nance,Family Toy,(02) 6129 1522,DeweyMNance@mailinator.com,4/10/1949,Suresse.gif
60,Herb,Hunt,Manning's Cafeterias,(02) 6632 3840,HerbKHunt@pookmail.com,11/28/1988,Mough1988.gif
61,Jackie,Pritchard,Wherehouse Music,(03) 9134 6512,JackieWPritchard@spambob.com,9/12/1940,Onsationg.gif
62,Lindy,Parker,Steak and Ale,(08) 8391 6610,LindyRParker@mailinator.com,12/13/1930,Twoun1930.gif
63,Anthony,Riggs,Roadhouse Grill,(08) 8793 5244,AnthonyGRiggs@trashymail.com,9/24/1927,Hisioncely.gif
64,Gregory,Villalpando,Frame Scene,(02) 4056 8255,GregoryCVillalpando@pookmail.com,3/31/1928,Lookice.gif
65,Vivian,Mitchell,First Choice Garden Maintenance,(02) 6760 4258,VivianHMitchell@dodgit.com,7/9/1936,Miseen36.gif
66,Laura,Norwood,Paper Cutter,(08) 9002 5174,LauraCNorwood@mailinator.com,7/31/1935,Dribithave.gif
67,Edith,Ruggerio,Frame Scene,(03) 5362 1065,EdithDRuggerio@mailinator.com,9/11/1962,Leopragues1962.gif
68,Edna,Etter,I. Magnin,(07) 4006 7099,EdnaAEtter@dodgit.com,6/8/1949,Lautim.gif
69,Joseph,Valentine,Konsili,(08) 9042 2943,JosephCValentine@mailinator.com,12/12/1944,Cauz1944.gif
70,Estelle,Lobdell,The White Swan,(02) 6190 3228,EstelleRLobdell@mailinator.com,6/14/1971,Coped.gif
71,Kim,Nowlin,McDade's,(02) 6130 6340,KimBNowlin@pookmail.com,7/14/1975,Hicestowill.gif
72,Travis,Booker,Computer City,(07) 4585 3136,TravisPBooker@dodgit.com,4/10/1957,Pleataring.gif
73,Constance,Prater,Libera,(02) 4796 2912,ConstancePPrater@trashymail.com,1/18/1929,Wereiry29.gif
74,James,Collins,Dick Fischers,(07) 3655 5349,JamesKCollins@mailinator.com,11/20/1951,Oursithe1951.gif
75,Frank,Wurster,Liberal,(08) 9062 9032,FrankTWurster@pookmail.com,12/25/1965,Lonishe.gif
76,Kathie,Dunham,Harold Powell,(08) 8312 1097,KathieDDunham@dodgit.com,2/4/1988,Therchappog.gif
77,Timothy,Moss,Kent's,(03) 6206 8576,TimothyMMoss@pookmail.com,9/17/1967,Coudifter.gif
78,Lisa,Crofts,Full Color,(02) 6198 1800,LisaDCrofts@trashymail.com,10/6/1928,Utemainner.gif
79,Gregory,Williams,Avant Garde Interior Designs,(07) 4091 6100,GregoryDWilliams@mailinator.com,7/9/1931,Cocruch.gif
80,Dixie,Million,Newhair,(07) 4532 8585,DixieAMillion@pookmail.com,1/13/1989,Uping1989.gif
81,Karen,Moses,Showbiz Pizza Place,(08) 9368 0867,KarenDMoses@dodgit.com,7/12/1976,Moul1976.gif
82,Christie,Harville,Avant Garde Appraisal,(07) 4045 6039,ChristieCHarville@dodgit.com,6/1/1941,Noth1941.gif
83,Josie,Adams,Castro Convertibles,(07) 3336 8829,JosieDAdams@pookmail.com,6/16/1992,Andul1992.gif
84,Bruce,Sherman,Friendly Advice,(03) 6261 1892,BruceKSherman@pookmail.com,1/4/1947,Harms1947.gif
85,Mary,Kelly,Planet Pizza,(07) 4919 9652,MaryMKelly@mailinator.com,1/9/1953,Youbtleas53.gif
86,Marie,Quinn,Thriftway Food Mart,(08) 9068 4833,MarieNQuinn@mailinator.com,2/15/1930,Ocloolikese.gif
87,Michael,Rainey,AM/PM Camp,(03) 5373 0303,MichaelKRainey@spambob.com,12/20/1960,Himes1960.gif
88,Andre,Obrien,Future Bright,(03) 5325 5996,AndreEObrien@spambob.com,8/2/1946,Dessaithet.gif
89,Judith,Tully,Mars Music,(02) 4675 9715,JudithTTully@pookmail.com,11/29/1983,Tarromend.gif
90,Jesse,Atkins,Las Vegas Yard Management,(08) 9030 9623,JesseNAtkins@mailinator.com,12/4/1991,Sady1991.gif
91,Sybil,Hiers,Awthentikz,(02) 6174 5349,SybilCHiers@dodgit.com,2/21/1955,Gage1955.gif
92,Dyan,Sexton,Consumers and Consumers Express,(07) 3170 0305,DyanRSexton@mailinator.com,11/10/1961,Wastoon61.gif
93,Christopher,Caudill,Showbiz Pizza Place,(02) 9633 6981,ChristopherRCaudill@trashymail.com,5/24/1927,Tistonedide1927.gif
94,William,James,Plan Future,(03) 5314 6068,WilliamSJames@pookmail.com,6/1/1977,Gook1977.gif
95,Arlene,Taylor,Young @ Heart,(03) 5347 4693,ArleneTTaylor@trashymail.com,2/4/1964,Inat1964.gif
96,Larry,Mutter,Pay'N Takeit,(02) 4971 6186,LarryGMutter@dodgit.com,8/12/1965,Rouregre.gif
97,Darnell,Wilson,Netstars Matrix Design,(03) 9087 5910,DarnellAWilson@trashymail.com,8/21/1964,Felainum.gif
98,Terry,Monahan,Knockout Kickboxing,(08) 9017 5517,TerryMMonahan@mailinator.com,9/18/1947,Deverecter47.gif
99,Melissa,Rice,Road Runner Lawn Services,(08) 8346 8746,MelissaWRice@spambob.com,10/9/1990,Bers1990.gif
100,Crystal,McQueary,Sky High Financial Advice,(02) 4052 0179,CrystalRMcQueary@dodgit.com,6/22/1981,Therply.gif
101,Janet,Jackson,Fresh Start,(03) 9839 9160,JanetTJackson@mailinator.com,1/13/1965,Dithey.gif
102,Laura,Moorer,Hamady Bros. Supermarkets,(03) 6256 4832,LauraTMoorer@dodgit.com,10/23/1960,Hinstabat.gif
103,Natasha,Gilliland,Superior Interior Design,(07) 4515 9299,NatashaSGilliland@dodgit.com,11/9/1933,Engly1933.gif
104,Desiree,Hernandez,Specific Appraisals,(08) 8380 3049,DesireeHHernandez@pookmail.com,5/26/1985,Saterring.gif
105,James,Rodriguez,Gallenkamp,(07) 4549 2867,JamesMRodriguez@spambob.com,2/1/1974,Queed1974.gif
106,Emily,Martin,Terra Nova Garden Services,(07) 4540 5590,EmilyLMartin@pookmail.com,8/31/1981,Doinge.gif
107,Vivian,Aiken,Mr. Good Buys,(02) 4042 7387,VivianFAiken@spambob.com,10/14/1944,Stroned44.gif
108,Winston,Holland,Farmer Jack,(02) 4076 9630,WinstonCHolland@pookmail.com,4/29/1934,Offed1934.gif
109,Mike,Tammaro,Lionel Kiddie City,(03) 5364 7085,MikeLTammaro@spambob.com,12/8/1939,Hisfireeness.gif
110,Elisabeth,Bailey,Egghead Software,(07) 4550 6152,ElisabethJBailey@trashymail.com,8/31/1976,Ahadjaus.gif
111,Emily,Hartman,Omni Architectural Designs,(07) 4033 5859,EmilyJHartman@spambob.com,11/19/1958,Youland58.gif
112,Brian,Pearson,Wells & Wade,(03) 5326 9361,BrianLPearson@spambob.com,8/26/1992,Waselighis92.gif
113,Jessika,Sundberg,Garden Guru,(02) 4903 3645,JessikaJSundberg@pookmail.com,1/22/1964,Huchaystand.gif
114,Ezekiel,Harris,Sofa Express,(02) 4981 1435,EzekielRHarris@trashymail.com,10/20/1927,Tramere.gif
115,Paul,Pryor,Home Centers,(02) 6163 5011,PaulTPryor@dodgit.com,6/3/1945,Mighat.gif
116,Nicholas,Orellana,Universo Realtors,(07) 4566 2712,NicholasGOrellana@pookmail.com,9/27/1970,Hinquit.gif
117,Samantha,Stillwell,All Wound Up,(03) 5367 7816,SamanthaMStillwell@spambob.com,12/14/1976,Yebere.gif
118,Maria,Nieman,Warehouse Club Inc.,(08) 9331 6472,MariaHNieman@pookmail.com,12/1/1968,Spaccur.gif
119,Adam,Thompson,Mission You,(08) 8767 1350,AdamDThompson@pookmail.com,11/15/1993,Sactiony1993.gif
120,Manuel,Francis,CSK Auto,(08) 8221 9984,ManuelEFrancis@mailinator.com,12/1/1973,Forearephe.gif
121,Neil,Brody,Asian Plan,(03) 5381 8128,NeilSBrody@mailinator.com,11/20/1930,Swuzzy.gif
122,Rhonda,Smith,Pearl Architectural Design,(03) 5305 2513,RhondaKSmith@dodgit.com,10/11/1989,Sectille.gif
123,Gladys,Lopez,Nedick's,(07) 4547 5796,GladysLLopez@spambob.com,5/15/1950,Agavered.gif
124,Raymond,Poole,Media Play,(07) 3940 4881,RaymondKPoole@mailinator.com,9/15/1949,Subjecome.gif
125,Kathleen,Perez,National Lumber,(07) 4062 7519,KathleenJPerez@mailinator.com,11/19/1965,Anniguiturve.gif
126,Emily,Gentry,Multi Tech Development,(08) 9468 9061,EmilyBGentry@spambob.com,6/22/1988,Yind1988.gif
127,Jan,Stilwell,Gold Medal,(03) 5379 2323,JanGStilwell@dodgit.com,2/2/1969,Hareand1969.gif
128,Kelley,Rodriguez,Gemco,(08) 8705 2073,KelleyRRodriguez@dodgit.com,5/17/1934,Meman1934.gif
129,Esther,Burton,Vitamax Health Food Center,(02) 4905 6438,EstherCBurton@trashymail.com,4/19/1979,Quar1979.gif
130,Gary,Miller,Olympic Sports,(07) 3638 8506,GaryIMiller@spambob.com,11/22/1987,Lych1987.gif
131,Donna,Alvarez,Dream Home Real Estate Service,(08) 9065 6104,DonnaVAlvarez@pookmail.com,11/3/1927,Kone1927.gif
132,Jim,Holley,A Plus Lawn Care,(03) 8462 0307,JimDHolley@dodgit.com,11/12/1948,Apans1948.gif
133,Sylvia,Toth,Weingarten's,(02) 6131 0639,SylviaCToth@dodgit.com,10/31/1973,Theope1973.gif
134,Patricia,Brown,Bugle Boy,(08) 8992 8618,PatriciaJBrown@mailinator.com,6/30/1949,Nowing.gif
135,Sheila,Arnold,MagnaSolution,(08) 9062 5995,SheilaJArnold@spambob.com,4/23/1952,Fruck1952.gif
136,Michael,Stanton,Huyler's,(07) 5380 8654,MichaelNStanton@spambob.com,4/7/1927,Scas1927.gif
137,Raymond,Josephs,Red Bears Tavern,(02) 4063 8944,RaymondFJosephs@dodgit.com,9/4/1950,Thishourses.gif
138,Thomas,Pettit,Strategy Consulting,(03) 5302 6085,ThomasJPettit@mailinator.com,6/6/1942,Oundemptake.gif
139,Randall,Bowen,The Lawn Guru,(03) 5366 0347,RandallFBowen@pookmail.com,5/4/1986,Reckessequod1986.gif
140,Sandra,Kunze,Dee's Drive-In,(08) 8782 2136,SandraKKunze@mailinator.com,5/14/1960,Regan1960.gif
141,Teresa,Roush,Sew-Fro Fabrics,(08) 8202 1032,TeresaRRoush@mailinator.com,11/29/1953,Whountess1953.gif
142,Debra,Garcia,Flexus,(03) 5372 3945,DebraDGarcia@trashymail.com,11/4/1929,Oped1929.gif
143,Rossie,Fasano,Family Toy,(08) 9086 7690,RossieWFasano@mailinator.com,8/12/1984,Annythe.gif
144,Shirley,Choi,Purity,(07) 4508 7466,ShirleyEChoi@dodgit.com,4/21/1973,Randead.gif
145,Joel,Davis,Star Bright Investment Group,(08) 8327 5050,JoelDDavis@spambob.com,4/20/1965,Hatterich.gif
146,Susanne,Milliman,Allied City Stores,(03) 8647 5549,SusanneAMilliman@spambob.com,10/27/1964,Drefoonew.gif
147,Mary,Razo,Alpha Beta,(08) 9432 0385,MaryARazo@dodgit.com,8/14/1950,Siond1950.gif
148,Xuan,Dominguez,Macroserve,(08) 8300 3040,XuanODominguez@mailinator.com,1/19/1956,Octied.gif
149,Cedric,Johnson,Locost Accessories,(02) 4006 6243,CedricCJohnson@dodgit.com,6/23/1933,Igeend1933.gif
150,Roscoe,Fisher,Sports Unlimited,(07) 4948 6619,RoscoeMFisher@mailinator.com,3/26/1940,Knellf.gif
151,Elbert,Guerrero,Forth & Towne,(07) 4567 2739,ElbertAGuerrero@pookmail.com,9/16/1936,Foreavieve.gif
152,Micheal,Eakin,Second Time Around,(02) 4007 6623,MichealAEakin@trashymail.com,4/2/1964,Feavainnince.gif
153,William,Blaha,Kids Mart,(02) 9225 9431,WilliamJBlaha@spambob.com,5/23/1931,Thean1931.gif
154,John,Ohlson,KG Menswear,(07) 4954 4357,JohnFOhlson@mailinator.com,8/24/1928,Afteptelle1928.gif
155,Jacqueline,Sherman,Netstars Matrix Design,(08) 9079 0006,JacquelineJSherman@dodgit.com,1/11/1956,Wilicul1956.gif
156,Benjamin,Kauffman,Today's Man,(02) 6143 2045,BenjaminKKauffman@spambob.com,12/10/1989,Egesecun.gif
157,Heidi,Black,Belle Ladi,(02) 4094 7843,HeidiGBlack@spambob.com,6/28/1964,Ment1964.gif
158,Robert,Gordon,Sherman's,(07) 4948 5253,RobertBGordon@dodgit.com,2/27/1969,Olike1969.gif
159,Linda,Nelson,Handy City,(02) 6120 2837,LindaMNelson@trashymail.com,2/13/1975,Hisch1975.gif
160,Christian,Sanford,FamilyMart,(07) 4087 7855,ChristianDSanford@pookmail.com,8/11/1981,Pliteard.gif
161,Celeste,Zacharias,Pointers,(02) 6178 7928,CelesteCZacharias@mailinator.com,3/25/1972,Thencass.gif
162,Martha,Toth,Cala Foods,(07) 5365 8136,MarthaAToth@pookmail.com,7/1/1927,Withir.gif
163,Andrew,Hooker,Universo Realtors,(03) 5348 2192,AndrewRHooker@dodgit.com,5/29/1939,Theshe.gif
164,Alfredo,Saldivar,Security Sporting Goods,(07) 4936 0527,AlfredoSSaldivar@mailinator.com,3/18/1993,Cueen1993.gif
165,Florence,Zendejas,Skaggs-Alpha Beta,(08) 8757 9057,FlorenceJZendejas@trashymail.com,8/16/1989,Boderstury.gif
166,Beverly,Lopez,Pay'N Takeit,(07) 4911 6005,BeverlyELopez@pookmail.com,7/17/1956,Parmlaidern.gif
167,Jill,Cory,Electric Avenue,(03) 8126 1632,JillWCory@mailinator.com,12/8/1943,Weepleget43.gif
168,Robert,Sechrist,Endicott Shoes,(08) 8353 6065,RobertJSechrist@pookmail.com,9/3/1982,Thithe.gif
169,Susan,Grote,Great Clothes,(03) 5314 2264,SusanTGrote@dodgit.com,4/24/1945,Ancer1945.gif
170,Carl,Tsai,Pioneer Chicken,(02) 6187 6623,CarlATsai@trashymail.com,2/6/1969,Rove1969.gif
171,Robert,Elliot,Pro-Care Garden Maintenance,(08) 8969 6876,RobertRElliot@dodgit.com,3/8/1937,Brat1937.gif
172,Tammy,Stolle,Henry's,(07) 3717 4076,TammyJStolle@trashymail.com,4/18/1964,Sainermanded.gif
173,Elsie,Stalter,Hechinger,(02) 4946 9635,ElsieJStalter@mailinator.com,10/25/1976,Theace.gif
174,Stephen,Green,Gamble-Skogmo,(02) 6162 5592,StephenRGreen@pookmail.com,5/8/1942,Yousty.gif
175,David,Macon,Vitagee,(08) 8259 6196,DavidJMacon@pookmail.com,11/15/1931,Hapilesedis.gif
176,Kelsey,Snipes,Sofa Express,(02) 4974 0693,KelseyPSnipes@pookmail.com,12/24/1928,Mothen.gif
177,Nora,Lopez,Omni Source,(08) 8293 2294,NoraRLopez@trashymail.com,2/21/1981,Thred1981.gif
178,Vicki,Wells,Simple Solutions,(03) 5376 7956,VickiWWells@dodgit.com,7/17/1945,Siblen.gif
179,Timothy,Diaz,Wag's,(02) 4085 0084,TimothyPDiaz@dodgit.com,2/6/1957,Damend.gif
180,Gilberto,Beamon,Hugh M. Woods,(08) 9086 4663,GilbertoDBeamon@trashymail.com,9/13/1982,Wincell.gif
181,Brandon,Valdivia,Infinite Wealth,(07) 4092 2693,BrandonJValdivia@pookmail.com,4/2/1962,Youds1962.gif
182,Joseph,Vaughn,S&W Cafeteria,(07) 4551 2597,JosephSVaughn@mailinator.com,11/8/1936,Adaying.gif
183,Michael,McLeod,National Shirt Shop,(08) 8720 4866,MichaelJMcLeod@pookmail.com,4/15/1940,Durtural40.gif
184,Rosalyn,Noonan,Borders Books,(03) 5321 1770,RosalynJNoonan@trashymail.com,12/5/1981,Matiod.gif
185,Clifford,Walker,Hastings,(02) 4904 9105,CliffordLWalker@mailinator.com,5/8/1967,Operep.gif
186,Karen,Summers,Gene Walter's Marketplace,(03) 9102 1617,KarenRSummers@mailinator.com,6/29/1939,Guir1939.gif
187,Joseph,Holland,Incluesiv,(03) 6235 6653,JosephAHolland@dodgit.com,11/15/1979,Riedut.gif
188,James,Montford,Komerci,(02) 6183 2404,JamesEMontford@spambob.com,9/29/1967,Hatess1967.gif
189,Lorenzo,Vizcarra,William Wanamaker & Sons,(03) 5310 0995,LorenzoMVizcarra@dodgit.com,12/11/1973,Alefoulader73.gif
190,Joanna,Robinson,Planetbiz,(03) 5310 8289,JoannaMRobinson@trashymail.com,9/30/1946,Thaterninew.gif
191,Angela,Weitz,Singer Lumber,(02) 4097 2356,AngelaTWeitz@pookmail.com,11/9/1937,Princeed.gif
192,Bruce,Clark,Courtesy Hardware Store,(08) 9217 4920,BruceLClark@mailinator.com,1/23/1945,Abecaut.gif
193,Ernesto,Lohman,Oshman's,(08) 8751 2753,ErnestoWLohman@spambob.com,5/6/1969,Enuenated.gif
194,Laura,Young,Central Hardware,(08) 8740 5589,LauraJYoung@dodgit.com,10/23/1955,Catelleaden.gif
195,Lisette,Holmes,Strategy Planner,(02) 4995 5484,LisetteEHolmes@mailinator.com,2/4/1979,Reackagots1979.gif
196,Donna,Nowak,Cougar Investment,(07) 4974 4019,DonnaRNowak@spambob.com,9/8/1939,Goild1939.gif
197,Jamie,Schneider,Saturday Matinee,(07) 5315 3851,JamieJSchneider@mailinator.com,9/17/1960,Mothre.gif
198,Mary,Schulte,Chi-Chi's,(02) 4046 2623,MaryTSchulte@spambob.com,9/22/1961,Sawas1961.gif
199,Sandy,Hurley,Protean,(07) 3787 7340,SandyJHurley@spambob.com,1/30/1983,Wousang.gif
200,Johnny,Vicknair,VitaGrey,(08) 9058 3225,JohnnyJVicknair@mailinator.com,12/12/1966,Dinnalie.gif
201,James,Sparks,Adaptas,(08) 8372 7876,JamesJSparks@mailinator.com,10/10/1943,Sols1943.gif
202,Mattie,Nixon,Las Vegas Yard Management,(08) 8700 6114,MattieMNixon@pookmail.com,10/5/1991,Entiner.gif
203,Jane,Dickey,Buehler Foods,(02) 9311 3741,JaneJDickey@mailinator.com,9/16/1964,Scivers.gif
204,Ryan,Lewis,Wells & Wade,(08) 8320 4507,RyanMLewis@mailinator.com,7/5/1939,Dozziess.gif
205,Lorraine,Dunford,Universal Design Partners,(02) 4907 1111,LorraineTDunford@dodgit.com,2/13/1988,Grol1988.gif
206,Nathan,Prill,Play Town,(08) 9059 4610,NathanRPrill@mailinator.com,8/21/1945,Posentred.gif
207,Gladys,Rogers,H.C. Bohack,(08) 9069 2858,GladysJRogers@spambob.com,8/31/1971,Prals1971.gif
208,Amy,Tejada,Dynatronics Accessories,(02) 4050 6623,AmyRTejada@spambob.com,6/30/1946,Shood1946.gif
209,Ronald,Paul,J. K. Gill Company,(02) 6744 7140,RonaldJPaul@trashymail.com,7/9/1962,Decien.gif
210,Robert,Anthony,Just For Fun,(07) 4014 6567,RobertLAnthony@trashymail.com,9/2/1971,Gledgear.gif
211,Rose,Andrews,Aaronson Furniture,(07) 4026 6352,RoseEAndrews@spambob.com,12/22/1960,Haves1960.gif
212,Johnny,Miller,Super Place,(02) 6741 1375,JohnnyLMiller@trashymail.com,7/17/1943,Fradenurry.gif
213,Kenneth,McClain,The High Heelers,(02) 4022 3555,KennethDMcClain@trashymail.com,8/11/1964,Hareplity.gif
214,Anne,Osborne,Sholl's Colonial Cafeteria,(02) 6293 8351,AnneDOsborne@mailinator.com,6/10/1951,Ciallinall.gif
215,Stacie,Wright,Rose Records,(08) 8766 7276,StacieRWright@spambob.com,6/26/1977,Darl1977.gif
216,Karen,Upton,Suncoast Video,(07) 4553 4699,KarenWUpton@pookmail.com,6/25/1987,Contings.gif
217,Hollie,Boothe,Lionel Kiddie City,(02) 6729 1337,HollieABoothe@pookmail.com,7/2/1956,Wheagat.gif
218,Vicente,White,Tower Records,(07) 4545 9991,VicenteEWhite@pookmail.com,11/17/1979,Rectereend.gif
219,Marvin,Witherington,First Choice Garden Maintenance,(03) 5356 4191,MarvinBWitherington@pookmail.com,3/4/1942,Soldre.gif
220,Henry,Gossett,Listenin' Booth,(07) 4049 3201,HenryMGossett@dodgit.com,6/13/1941,Famill.gif
221,James,Lopez,You Are Successful,(03) 5372 2163,JamesGLopez@spambob.com,10/26/1979,Thavir.gif
222,Sasha,Stoneburner,Sports Unlimited,(07) 3350 9020,SashaPStoneburner@spambob.com,7/1/1946,Guall1946.gif
223,Susan,Brooks,Envirotecture Design,(08) 9095 1554,SusanCBrooks@dodgit.com,5/7/1964,Pristor.gif
224,Peggy,Rodriquez,Childrens Bargain Town,(08) 9035 5148,PeggyMRodriquez@spambob.com,11/17/1954,Thervint.gif
225,Ann,Garcia,Weingarten's,(07) 4500 9859,AnnMGarcia@pookmail.com,6/6/1956,Gine1956.gif
226,Dale,Aldaco,Suadela Investment,(07) 4570 4113,DaleJAldaco@pookmail.com,2/22/1963,Beety1963.gif
227,Brian,Bonney,Monmax,(02) 6241 4441,BrianBBonney@trashymail.com,8/3/1942,Marce1942.gif
228,Eloisa,Fusco,Morville,(02) 4009 3811,EloisaRFusco@pookmail.com,9/3/1929,Piew1929.gif
229,Fidel,Brown,Stop N Shop,(08) 8263 2841,FidelMBrown@dodgit.com,4/22/1972,Fley1972.gif
230,Annie,Johnston,Strategy Consulting,(02) 6786 9613,AnnieJJohnston@trashymail.com,10/5/1944,Dehe1944.gif
231,Barbara,Larkins,Friendly Interior Design,(02) 4263 9566,BarbaraMLarkins@dodgit.com,12/23/1988,Busiredid.gif
232,Sarah,Hall,Pearl Architectural Design,(03) 5369 3511,SarahCHall@mailinator.com,11/20/1982,Stinced.gif
233,Edna,Strack,Hill-Behan,(02) 6195 6824,EdnaDStrack@spambob.com,9/23/1985,Whationam85.gif
234,Sara,Snyder,Paper Cutter,(08) 9008 3244,SaraDSnyder@dodgit.com,8/22/1976,Cign1976.gif
235,David,Waddle,Pleasures and Pasttimes,(02) 4655 6331,DavidBWaddle@spambob.com,12/24/1966,Thernew1966.gif
236,Cheryl,Boyd,Borders Books,(02) 6191 6747,CherylCBoyd@pookmail.com,10/20/1949,Lilecomman49.gif
237,Alanna,Hernandez,Lechmere,(02) 9498 9069,AlannaRHernandez@spambob.com,9/28/1927,Quoquallse1927.gif
238,Mabel,Thomas,Super Saver Foods,(08) 8344 7488,MabelCThomas@spambob.com,5/25/1949,Establat.gif
239,Melvin,Thompson,Vinyl Fever,(08) 9076 5259,MelvinSThompson@pookmail.com,2/13/1946,Thempailoved46.gif
240,Dortha,King,Heslop's,(07) 3068 9969,DorthaSKing@pookmail.com,2/16/1956,Capplithe.gif
241,Theresa,Williams,Sky High Financial Advice,(08) 8386 3973,TheresaJWilliams@trashymail.com,3/5/1991,Obbire.gif
242,David,Ochoa,Budget Tapes & Records,(07) 4081 7872,DavidNOchoa@spambob.com,7/20/1942,Learothat.gif
243,Yolanda,Robinson,Nobil,(02) 9001 1910,YolandaRRobinson@spambob.com,1/21/1963,Sistally1963.gif
244,Kenneth,Hester,Schucks Auto Supply,(08) 8350 7933,KennethMHester@trashymail.com,4/29/1965,Cands1965.gif
245,John,Galvez,First Rate Choice,(08) 8742 7371,JohnMGalvez@trashymail.com,4/23/1972,Evelien.gif
246,Lester,Jones,Gamble-Skogmo,(03) 5371 8688,LesterCJones@trashymail.com,5/20/1952,Whisente.gif
247,James,Nuckols,Brendle's,(03) 6207 4418,JamesPNuckols@spambob.com,3/16/1937,Forthishe.gif
248,Ronald,Morales,Prestigabiz,(07) 4519 3733,RonaldEMorales@dodgit.com,5/1/1935,Crum1935.gif
249,John,Townsel,Record & Tape Outlet,(02) 4949 0174,JohnGTownsel@pookmail.com,1/16/1983,Difid1983.gif
250,Brendon,Page,Zephyr Investments,(02) 4638 8095,BrendonSPage@trashymail.com,3/12/1946,Shemir.gif
251,Frankie,Rancourt,Road Runner Lawn Services,(07) 4018 1444,FrankieCRancourt@pookmail.com,12/26/1933,Sequir.gif
252,Todd,Dixon,Starship Tapes & Records,(07) 4014 0532,ToddPDixon@trashymail.com,12/10/1967,Theaverpre.gif
253,Elisha,Corlett,Star Assistance,(02) 4208 2863,ElishaACorlett@spambob.com,9/19/1929,Wour1929.gif
254,Stephanie,Walls,Strongbod,(08) 9024 8137,StephanieEWalls@trashymail.com,2/20/1969,Idowed.gif
255,Robert,Coleman,Singer Lumber,(08) 8324 8984,RobertSColeman@pookmail.com,9/27/1951,Sciask.gif
256,Magda,Grossman,All Wound Up,(07) 4544 2070,MagdaDGrossman@dodgit.com,6/29/1965,Thavends65.gif
257,Nathan,McCoy,Thriftway Food Mart,(08) 9097 1252,NathanCMcCoy@spambob.com,7/30/1959,Weenducte1959.gif
258,Juana,Cook,Great American Music,(08) 8711 2194,JuanaBCook@dodgit.com,6/9/1982,Bribeired.gif
259,Nicole,Kurtz,Liberty Wealth Planners,(08) 8262 3070,NicoleJKurtz@trashymail.com,7/5/1985,Haviculd.gif
260,Jerry,Watson,On Cue,(07) 3942 7292,JerryCWatson@trashymail.com,1/20/1980,Mithe1980.gif
261,Ida,Christensen,Stratagee,(08) 9041 9699,IdaJChristensen@pookmail.com,11/3/1952,Ariervintend.gif
262,George,Aybar,Acuserv,(02) 4006 8100,GeorgeJAybar@spambob.com,11/10/1949,Forsoust.gif
263,Karla,Holliday,Vari-Tec,(02) 4665 4314,KarlaRHolliday@spambob.com,12/3/1967,Antood.gif
264,Stella,Medlock,Alladin's Lamp,(03) 5358 8597,StellaWMedlock@pookmail.com,9/2/1991,Theyer.gif
265,Milton,Lamb,First Choice Yard Help,(03) 5373 2262,MiltonKLamb@trashymail.com,11/10/1967,Eldless.gif
266,Sally,Humphrey,Desert Garden Help,(07) 3152 4199,SallyTHumphrey@dodgit.com,8/24/1971,Surefus.gif
267,Virginia,Jackson,Idea Infinity,(03) 5358 7487,VirginiaPJackson@pookmail.com,10/12/1931,Befuld31.gif
268,James,Delamora,Star Bright Investment Group,(03) 5321 1371,JamesGDelamora@mailinator.com,2/20/1932,Shater.gif
269,Derek,Kaplan,Source Club,(08) 9262 4972,DerekNKaplan@trashymail.com,8/6/1954,Bith1954.gif
270,Mary,Vasquez,Happy Family,(08) 9059 4988,MaryJVasquez@mailinator.com,8/22/1973,Aunuentid.gif
271,Brooke,Pointer,Universal Design Partners,(03) 5362 3210,BrookeAPointer@mailinator.com,10/20/1953,Toonde53.gif
272,Luis,Grace,Playworld,(08) 8776 4106,LuisPGrace@trashymail.com,1/9/1959,Yousiolind.gif
273,Stephen,Curley,Monk Home Loans,(02) 9870 2816,StephenSCurley@mailinator.com,3/20/1965,Everetimed.gif
274,Robin,Clore,Acuserv,(03) 6221 4238,RobinTClore@trashymail.com,9/17/1935,Sact1935.gif
275,Marion,Fernandez,Nan Duskin,(07) 4934 8630,MarionJFernandez@spambob.com,12/1/1950,Fourgaver.gif
276,Jacqueline,Conroy,Rainbow Life,(03) 5394 4242,JacquelineEConroy@trashymail.com,7/30/1941,Socion41.gif
277,Edwin,Rhoades,Frank's Nursery & Crafts,(02) 9984 2421,EdwinERhoades@spambob.com,8/25/1932,Sained.gif
278,Jennifer,Baehr,Pro Garden Management,(03) 5341 3327,JenniferTBaehr@dodgit.com,7/7/1984,Theract.gif
279,Mary,Voorhies,Rite Solution,(03) 6202 2636,MaryMVoorhies@mailinator.com,11/5/1986,Ondesting.gif
280,Anthony,Arnett,Sure Save,(02) 6170 7440,AnthonyMArnett@pookmail.com,10/1/1985,Herem1985.gif
281,Angela,Roney,Dubrow's Cafeteria,(08) 8325 7552,AngelaMRoney@spambob.com,4/4/1976,Sals1976.gif
282,Sonja,Robeson,Beatties,(02) 9668 1523,SonjaSRobeson@pookmail.com,5/29/1992,Eins1992.gif
283,Jesse,Anderson,Intelacard,(07) 4017 0368,JesseBAnderson@pookmail.com,5/24/1963,Anguareany.gif
284,Ellen,Hodges,Mr. Clark's Appliances,(08) 8276 4038,EllenRHodges@dodgit.com,4/8/1981,Thingaing81.gif
285,Millie,Layfield,Infinite Wealth,(07) 3572 3880,MillieBLayfield@pookmail.com,2/5/1948,Promp1948.gif
286,Louise,Lathrop,Formula Gray,(03) 5314 2714,LouiseGLathrop@spambob.com,1/1/1951,Peade1951.gif
287,Ora,Padron,Sunflower Market,(07) 4055 8266,OraJPadron@trashymail.com,6/11/1987,Barom1987.gif
288,Wilma,Lara,Weenie Beenie,(02) 6104 8242,WilmaTLara@trashymail.com,12/12/1962,Thavelf62.gif
289,James,Roberts,Sunflower Market,(07) 5378 4768,JamesMRoberts@trashymail.com,7/17/1966,Ficeseet.gif
290,Thomas,Medina,H. J. Wilson & Company,(02) 4903 5635,ThomasBMedina@spambob.com,9/18/1937,Bobbiandad.gif
291,Adam,Butler,Solid Future,(07) 3303 0876,AdamSButler@trashymail.com,3/3/1930,Wored1930.gif
292,Curtis,Logsdon,Harold's,(03) 5315 2521,CurtisJLogsdon@mailinator.com,2/17/1927,Knered.gif
293,Shirley,Kendrick,Budget Tapes & Records,(08) 8389 1171,ShirleyAKendrick@pookmail.com,11/17/1958,Speould.gif
294,Barbara,Cordero,Wag's,(08) 9089 1922,BarbaraKCordero@mailinator.com,7/4/1942,Painsty42.gif
295,Leon,Mitchell,Eden Lawn Service,(03) 9763 1268,LeonMMitchell@dodgit.com,6/9/1929,Yourpred.gif
296,Alvin,Barger,Electric Avenue,(08) 9026 3828,AlvinMBarger@spambob.com,2/6/1966,Artake.gif
297,Larry,Zapata,Gamma Realty,(03) 9181 0540,LarryMZapata@dodgit.com,5/19/1972,Forebole.gif
298,Thomas,Waldon,National Shirt Shop,(07) 4925 8511,ThomasHWaldon@dodgit.com,6/7/1945,Rabithen.gif
299,Thomas,Maysonet,Media Play,(03) 5331 8413,ThomasTMaysonet@pookmail.com,8/1/1989,Willeggess89.gif
300,Chelsea,McClean,CSK Auto,(03) 6212 4103,ChelseaWMcClean@dodgit.com,1/20/1950,Theitchers1950.gif
301,Lewis,Bonner,Red Food,(08) 8264 4481,LewisSBonner@mailinator.com,7/18/1965,Soces1965.gif
302,Charles,Gaither,Forth & Towne,(02) 9795 2104,CharlesKGaither@dodgit.com,11/19/1958,Sponce.gif
303,Jerry,McClendon,Burger Chef,(07) 3834 6560,JerryYMcClendon@dodgit.com,12/3/1930,Loven1930.gif
304,Cindy,Thomas,Morrie Mages,(08) 8300 0860,CindyEThomas@mailinator.com,7/22/1971,Curn1971.gif
305,Gregory,Grim,Food Barn,(08) 8705 4388,GregoryJGrim@spambob.com,4/9/1980,Stak1980.gif
306,Jeffrey,Moore,Courtesy Hardware Store,(02) 4008 9271,JeffreyCMoore@trashymail.com,12/29/1982,Jointlaim.gif
307,Donald,Robinson,National Tea,(02) 6134 5120,DonaldNRobinson@spambob.com,1/6/1966,Yeting66.gif
308,James,Nolin,Twin Electronics,(07) 4536 6477,JamesJNolin@mailinator.com,12/3/1955,Entoofor.gif
309,Betty,Clark,Your Choices,(02) 4092 6696,BettyEClark@trashymail.com,2/15/1980,Whopuld.gif
310,Erik,Brooke,Benesome,(08) 8724 7953,ErikNBrooke@trashymail.com,11/18/1987,Obbire.gif
311,Gladys,Cable,K's Merchandise,(02) 4288 0089,GladysDCable@pookmail.com,12/30/1954,Tharmis.gif
312,Donna,Stanley,Food Giant,(08) 9260 6598,DonnaRStanley@dodgit.com,9/18/1934,Frored.gif
313,Carolyn,Pettiford,Nan Duskin,(02) 6736 5124,CarolynDPettiford@mailinator.com,1/5/1947,Kindrem.gif
314,Blanca,Johnson,Builderama,(07) 4576 7811,BlancaMJohnson@mailinator.com,5/22/1945,Purte1945.gif
315,Carlos,Rocha,Egghead Software,(08) 9043 2405,CarlosARocha@trashymail.com,1/5/1964,Claidecon.gif
316,Robert,Brinkley,Metro,(07) 3818 0581,RobertTBrinkley@mailinator.com,1/25/1969,Foldearpong.gif
317,Oscar,Lind,Holly Tree Inn,(03) 5389 5263,OscarCLind@dodgit.com,9/6/1962,Yoult1962.gif
318,Andrew,Thornton,Patterson-Fletcher,(08) 8731 1213,AndrewDThornton@spambob.com,2/20/1936,Thanneatch.gif
319,Emily,Ruiz,CSK Auto,(07) 4520 8476,EmilyPRuiz@mailinator.com,5/12/1956,Prile1956.gif
320,Colin,Serrano,Grodins,(02) 9388 2870,ColinBSerrano@spambob.com,4/10/1981,Birear81.gif
321,Steven,Glover,Packer,(03) 5377 0202,StevenKGlover@dodgit.com,7/23/1945,Fortiond.gif
322,Yolanda,Phillips,Copeland Sports,(07) 3769 8458,YolandaCPhillips@spambob.com,3/12/1961,Shopmed.gif
323,Sabrina,Timm,Hughes & Hatcher,(02) 6150 7171,SabrinaBTimm@pookmail.com,3/17/1953,Incion.gif
324,Philip,Smith,Childs Restaurants,(02) 6111 2959,PhilipJSmith@pookmail.com,7/24/1931,Nogicaught31.gif
325,Jeremy,Vaillancourt,Lechmere,(03) 8281 4239,JeremyDVaillancourt@pookmail.com,12/22/1981,Earanting1981.gif
326,Burton,Kaplan,American Appliance,(07) 4909 0594,BurtonPKaplan@dodgit.com,4/11/1934,Trieste.gif
327,Sandra,Moore,Cut Rite Lawn Care,(07) 4039 5088,SandraTMoore@mailinator.com,2/28/1981,Soulactings81.gif
328,Harriet,Taylor,Father & Son,(07) 4969 4139,HarrietMTaylor@spambob.com,5/5/1934,Nothenly.gif
329,Sophia,Strong,Maxiserve ,(03) 6260 2151,SophiaWStrong@pookmail.com,5/3/1935,Commarokel.gif
330,Ralph,Cubbage,Tons O' Toys,(08) 8703 9354,RalphCCubbage@mailinator.com,10/13/1963,Sernis1963.gif
331,Socorro,Clark,Buehler Foods,(02) 4007 0249,SocorroCClark@mailinator.com,4/23/1959,Theinder.gif
332,Cari,Hayden,Franklin Music,(03) 5387 4999,CariJHayden@pookmail.com,5/2/1962,Bobloventold1962.gif
333,Erik,Robinson,Pro Property Maintenance,(07) 4515 0899,ErikLRobinson@mailinator.com,3/22/1964,Othympas.gif
334,Dawn,Jones,Team Electronics,(02) 6776 1541,DawnSJones@mailinator.com,8/30/1942,Obte1942.gif
335,Louise,Esqueda,JumboSports,(03) 5388 7347,LouiseMEsqueda@pookmail.com,8/28/1948,Myrand.gif
336,Man,Brooks,Total Yard Maintenance,(08) 8253 9618,ManTBrooks@pookmail.com,5/22/1932,Weept1932.gif
337,Helene,Stewart,Century House,(07) 4072 2688,HeleneCStewart@dodgit.com,1/30/1965,Emptiou.gif
338,Phillip,Laws,Vinyl Fever,(03) 5354 7973,PhillipSLaws@mailinator.com,8/8/1989,Comentised.gif
339,Timothy,Stewart,Vitamax Health Food Center,(02) 9276 7469,TimothyAStewart@spambob.com,3/15/1973,Exisparbace.gif
340,Elizabeth,Brown,Today's Man,(02) 9971 7803,ElizabethJBrown@spambob.com,1/15/1943,Alkinew.gif
341,Carolyn,Waite,Adaptaz,(07) 4537 7289,CarolynSWaite@pookmail.com,5/31/1972,Theak1972.gif
342,Victor,Vang,Foreman & Clark,(08) 8316 4854,VictorRVang@dodgit.com,2/16/1958,Lopeat.gif
343,Margie,Vidal,Wells & Wade,(08) 8379 5297,MargieHVidal@spambob.com,12/24/1969,Thesustrach.gif
344,Robert,Montelongo,Price's Electronics,(08) 9041 8916,RobertAMontelongo@dodgit.com,6/19/1928,Hompareect.gif
345,Nyla,Schultz,LaBelle's,(02) 9336 7548,NylaGSchultz@spambob.com,2/18/1944,Kion1944.gif
346,Aaron,Lovell,Royal Gas,(08) 8711 5940,AaronCLovell@spambob.com,9/17/1986,Withile.gif
347,Dorothy,Andersen,Orion,(08) 8727 8721,DorothyCAndersen@pookmail.com,12/1/1944,Siverprours.gif
348,Elizabeth,Polk,Sam Goody,(03) 5365 9135,ElizabethKPolk@trashymail.com,5/28/1929,Morgivy29.gif
349,Addie,Debose,Geri's Hamburgers,(08) 8246 5874,AddieRDebose@pookmail.com,1/3/1933,Waget1933.gif
350,Philip,Durden,Peter Reeves,(03) 6244 5466,PhilipEDurden@dodgit.com,6/20/1959,Lumbeavy.gif
351,Letitia,Lapinski,Gamble-Skogmo,(03) 5362 1947,LetitiaELapinski@pookmail.com,1/11/1951,Herwas.gif
352,Susan,Boyce,Official All Star Cafe,(08) 8227 6653,SusanJBoyce@spambob.com,5/30/1952,Fough1952.gif
353,Elizabeth,Augustine,Buena Vista Garden Maintenance,(03) 6204 5215,ElizabethDAugustine@spambob.com,2/7/1980,Foret1980.gif
354,Jodi,Grimes,Merrymaking,(03) 9484 6768,JodiJGrimes@dodgit.com,10/8/1963,Gessookin.gif
355,Justin,Alvis,Shabby Chic,(07) 3438 8352,JustinCAlvis@dodgit.com,11/26/1951,Bousel.gif
356,Stephen,Bell,Opti-Tek,(07) 5610 8117,StephenCBell@spambob.com,7/26/1993,Headvery.gif
357,Kenneth,Adams,Reliable Guidance,(08) 8341 8164,KennethAAdams@spambob.com,10/20/1933,Wassew33.gif
358,Lorna,Rodrigue,Tee Town,(02) 4086 2952,LornaDRodrigue@mailinator.com,8/16/1981,Shudy1981.gif
359,James,Palmieri,Beasts of Beauty,(03) 8128 9748,JamesKPalmieri@trashymail.com,10/25/1974,Mulend.gif
360,James,Vigil,Choices,(08) 9093 9667,JamesAVigil@pookmail.com,8/7/1980,Befolver80.gif
361,Lillian,Lum,Specific Appraisals,(08) 8700 0351,LillianTLum@mailinator.com,8/1/1959,Flonight.gif
362,Barry,Higginbotham,Edwards,(07) 4089 0442,BarryBHigginbotham@trashymail.com,5/14/1931,Afro1931.gif
363,Tara,Carruth,Destiny Realty Solutions,(07) 4565 6059,TaraWCarruth@mailinator.com,5/23/1931,Necanat.gif
364,Sean,Smith,Strategic Profit,(02) 4630 0818,SeanBSmith@trashymail.com,12/22/1953,Tralk1953.gif
365,Kelle,Creel,Advansed Teksyztems,(08) 8799 9858,KelleJCreel@mailinator.com,5/4/1976,Kilige.gif
366,Douglas,Chi,Courtesy Hardware Store,(02) 9421 9466,DouglasMChi@dodgit.com,6/1/1944,Sadall.gif
367,Clint,Benally,Olympic Sports,(08) 8389 9420,ClintRBenally@spambob.com,3/25/1990,Thather1990.gif
368,Kathleen,Miller,Advansed Teksyztems,(07) 4945 7857,KathleenTMiller@dodgit.com,5/13/1959,Thenautist.gif
369,Georgina,Starkweather,Cavages,(08) 9041 8107,GeorginaMStarkweather@pookmail.com,9/5/1927,Dres1927.gif
370,Amy,Richmond,Mr. Steak,(07) 4944 0613,AmyJRichmond@mailinator.com,9/2/1931,Stollower.gif
371,Cynthia,Cohen,Ruehl No. 925,(07) 5600 6561,CynthiaJCohen@trashymail.com,6/6/1963,Saking.gif
372,Mellisa,Davison,Stop N Shop,(03) 9582 2496,MellisaNDavison@dodgit.com,3/6/1983,Siriand.gif
373,Clinton,Beach,Clemens Markets,(02) 6179 9068,ClintonMBeach@trashymail.com,7/2/1975,Denight1975.gif
374,Kenneth,Chadwick,Merrymaking,(07) 5699 1712,KennethDChadwick@dodgit.com,6/25/1954,Therks.gif
375,Cheryl,George,Fireball,(03) 5344 3894,CherylHGeorge@mailinator.com,10/2/1955,Compards1955.gif
376,Henry,Massie,Market Basket,(02) 4901 2176,HenryRMassie@trashymail.com,12/15/1977,Caunin.gif
377,Kenneth,Kaminski,Hughes & Hatcher,(07) 4054 7780,KennethBKaminski@spambob.com,6/28/1967,Oury1967.gif
378,Ann,Shields,Stratapro,(03) 6282 5876,AnnRShields@dodgit.com,8/3/1927,Awar1927.gif
379,Mark,Giles,Merry-Go-Round,(08) 8206 9856,MarkCGiles@dodgit.com,8/4/1931,Liandn1931.gif
380,Berneice,Johnson,ABC Markets,(07) 3713 0007,BerneiceJJohnson@dodgit.com,5/17/1941,Thipper.gif
381,Cynthia,Bankhead,Jafco,(02) 9554 0706,CynthiaGBankhead@dodgit.com,11/4/1946,Fration.gif
382,Peter,Smeltzer,Pantry Pride,(07) 4552 8130,PeterMSmeltzer@dodgit.com,7/31/1987,Busly1987.gif
383,Brian,Perez,A+ Investments,(03) 5349 4617,BrianAPerez@dodgit.com,9/5/1976,Shad1976.gif
384,James,Martinez,Adaptabiz,(03) 5392 7387,JamesPMartinez@trashymail.com,5/29/1980,Hichatell.gif
385,Juan,Carillo,Ellman's Catalog Showrooms,(02) 6141 2085,JuanKCarillo@pookmail.com,4/6/1953,Ourp1953.gif
386,Nancy,Washington,Sistemos,(02) 9184 8662,NancyAWashington@pookmail.com,7/7/1961,Wiflutay.gif
387,Lindsay,O'Connor,Sew-Fro Fabrics,(02) 6762 0931,LindsayTOConnor@mailinator.com,11/12/1932,Menbeely.gif
388,Dolores,Moye,Indiewealth,(07) 4536 2050,DoloresJMoye@pookmail.com,3/23/1943,Neents.gif
389,Gary,Zimmerman,Thom McAn Store,(03) 6241 4064,GaryWZimmerman@pookmail.com,2/17/1990,Uppelve.gif
390,Emma,Troiano,Liberal,(02) 4919 3151,EmmaJTroiano@pookmail.com,4/7/1958,Captaim.gif
391,James,Sanders,Skaggs-Alpha Beta,(03) 5306 7852,JamesJSanders@spambob.com,11/18/1934,Gimber.gif
392,Jose,Beard,Compact Disc Center,(08) 9406 4767,JoseSBeard@dodgit.com,11/13/1984,Andle1984.gif
393,Nancy,Loveland,Sherman's,(07) 3744 0113,NancyDLoveland@pookmail.com,9/18/1959,Maxuld.gif
394,Daniel,Foote,Starship Tapes & Records,(02) 6143 1980,DanielDFoote@mailinator.com,12/9/1971,Weenin.gif
395,Paul,Kennemer,Intelli Wealth Group,(07) 3743 0858,PaulAKennemer@dodgit.com,2/10/1946,Wilen1946.gif
396,Janet,White,Crown Books,(02) 6199 9679,JanetNWhite@trashymail.com,10/17/1957,Onuarnand.gif
397,Annie,Xu,Cherry & Webb,(07) 3819 9215,AnnieWXu@pookmail.com,6/4/1980,Spour1980.gif
398,Shana,Gallagher,Kleinhans,(02) 6798 7909,ShanaHGallagher@pookmail.com,5/14/1955,Doothis.gif
399,Philip,Miller,Dreamscape Garden Care,(07) 4532 6066,PhilipKMiller@mailinator.com,9/21/1979,Ingeng.gif
400,Frances,Hughes,Magna Wealth,(02) 4038 4791,FrancesPHughes@pookmail.com,8/10/1949,Vizing.gif
401,Janette,Rogers,Desmonds Formal Wear,(02) 6156 6793,JanetteJRogers@pookmail.com,6/29/1966,Norgarehe.gif
402,Donna,Ricco,Simply Save,(02) 4074 3650,DonnaMRicco@mailinator.com,11/8/1974,Therent.gif
403,Helen,Nall,Eagle Food Centers,(02) 4976 5150,HelenANall@pookmail.com,8/20/1967,Foreseenothe.gif
404,Paul,Winston,Museum Company,(03) 5353 7080,PaulMWinston@trashymail.com,5/8/1982,Arre1982.gif
405,Helen,Smith,Reliable Investments,(03) 5353 0462,HelenGSmith@mailinator.com,8/5/1992,Ourighter.gif
406,Lindsay,Martinez,Keeney's,(07) 4576 0078,LindsayDMartinez@dodgit.com,7/8/1932,Pacconte.gif
407,Sonia,Thatcher,Maxaprofit,(08) 9026 3717,SoniaCThatcher@trashymail.com,7/24/1957,Theene.gif
408,Aaron,Kunkel,Vibrant Man,(08) 8321 0800,AaronEKunkel@mailinator.com,10/13/1946,Wism1946.gif
409,Florence,Sullivan,Endicott Johnson,(02) 4079 2201,FlorenceFSullivan@pookmail.com,9/14/1982,Bethis.gif
410,Kate,Lambert,Endicott Johnson,(07) 4952 9520,KateDLambert@spambob.com,2/9/1986,Racerfored.gif
411,Priscilla,Brooks,Oranges Records & Tapes,(03) 9496 7715,PriscillaGBrooks@spambob.com,1/1/1960,Exprooking60.gif
412,Brandon,Alvarez,Avant Garde Appraisal Group,(08) 9056 7911,BrandonBAlvarez@trashymail.com,3/18/1930,Sorn1930.gif
413,Stephanie,Sandoval,Glicks Furniture,(03) 5381 3134,StephanieDSandoval@dodgit.com,5/13/1950,Fately.gif
414,David,Ryan,Future Plan,(07) 5610 1302,DavidGRyan@pookmail.com,7/29/1991,Fragend.gif
415,Erlinda,Smith,Our Own Hardware,(08) 9097 9107,ErlindaFSmith@mailinator.com,12/15/1963,Exes1963.gif
416,Marilyn,Keefer,EnviroSource Design,(02) 4014 0841,MarilynDKeefer@dodgit.com,9/25/1962,Whince1962.gif
417,Kenneth,Oliver,Friendly Advice,(07) 3562 2724,KennethVOliver@dodgit.com,1/2/1971,Laregrell.gif
418,Raymond,Gomez,Good Guys,(02) 9749 2060,RaymondAGomez@mailinator.com,8/18/1949,Wingivese1949.gif
419,Mary,Mayo,Joshua Doore,(02) 4909 2460,MaryDMayo@trashymail.com,3/17/1930,Theivereeted30.gif
420,Shawn,Cherry,New World Realty,(08) 9250 6615,ShawnBCherry@mailinator.com,10/7/1937,Upord1937.gif
421,Ruthann,Ruvalcaba,Fisher Foods,(02) 6116 6329,RuthannARuvalcaba@mailinator.com,4/9/1947,Begaver.gif
422,Gerald,Seidel,Sammy's Record Shack,(07) 4534 6013,GeraldKSeidel@dodgit.com,11/24/1990,Asts1990.gif
423,Michael,Winkler,The Royal Canadian Pancake Houses,(08) 9043 2309,MichaelLWinkler@spambob.com,5/30/1977,Suponeved.gif
424,Janet,White,Hughes & Hatcher,(02) 4204 0983,JanetAWhite@spambob.com,1/7/1959,Natted1959.gif
425,Betty,Lopez,Pro Star,(08) 9471 6216,BettyFLopez@spambob.com,4/4/1987,Stou1987.gif
426,Arthur,Delagarza,Official All Star Cafe,(08) 9054 8131,ArthurRDelagarza@dodgit.com,2/7/1993,Wellst.gif
427,Mario,Boisvert,Superior Appraisals,(02) 4902 2733,MarioDBoisvert@dodgit.com,10/12/1975,Onstappent.gif
428,Janet,Noble,Suncoast Video,(02) 4063 4668,JanetGNoble@dodgit.com,11/7/1956,Fing1956.gif
429,Laurie,Worley,Practi-Plan Mapping,(07) 5672 5216,LaurieJWorley@spambob.com,12/13/1955,Susaing.gif
430,Arlene,Bryan,Druther's,(08) 9253 1843,ArleneJBryan@trashymail.com,9/29/1952,Toodifer.gif
431,Peter,Brooks,G.I. Joe's,(02) 4654 6179,PeterCBrooks@mailinator.com,2/9/1972,Beirsed.gif
432,Shelia,Medina,King Carol,(02) 6745 1089,SheliaRMedina@dodgit.com,2/13/1927,Yousaity.gif
433,Paulette,Belanger,Happy Family,(03) 6209 8930,PauletteRBelanger@trashymail.com,1/7/1935,Fole1935.gif
434,Florence,Boyett,Circuit City,(03) 6203 1374,FlorenceMBoyett@mailinator.com,11/7/1970,Glan1970.gif
435,Ida,Lobato,Matrix Architectural Service,(07) 4074 5973,IdaDLobato@trashymail.com,9/17/1957,Butoot.gif
436,Anthony,Claudio,Acuserv,(03) 5341 8454,AnthonyPClaudio@trashymail.com,3/8/1951,Fild1951.gif
437,Thomas,Voss,Cala Foods,(03) 5330 7526,ThomasAVoss@trashymail.com,11/2/1972,Propee.gif
438,Patricia,Chastain,Suadela Investment,(07) 4970 9093,PatriciaJChastain@spambob.com,2/7/1935,Himseek.gif
439,Dianna,Rimer,Monk House Sales,(07) 4059 2617,DiannaGRimer@dodgit.com,4/16/1940,Andeed.gif
440,Roberto,White,Finast,(03) 5346 6352,RobertoKWhite@trashymail.com,10/2/1989,Therval.gif
441,Rachelle,Adkins,Service Merchandise,(08) 9046 4175,RachelleMAdkins@spambob.com,1/6/1950,Insunt.gif
442,Lori,Fenton,Alpha Beta,(08) 9044 7744,LoriFFenton@dodgit.com,1/19/1966,Beinale.gif
443,Preston,Truett,Alert Alarm Company,(03) 5336 8452,PrestonSTruett@mailinator.com,5/20/1989,Squen1989.gif
444,Jane,Sizemore,Hechinger,(03) 5301 2958,JaneBSizemore@trashymail.com,3/24/1973,Slith1973.gif
445,Lara,Jordan,Laneco,(08) 8389 8824,LaraCJordan@spambob.com,9/29/1983,Bley1983.gif
446,Lionel,Massey,Monit,(02) 6797 3237,LionelJMassey@dodgit.com,4/3/1929,Wicilite.gif
447,Jason,Bradford,EnviroSource Design,(08) 9090 4505,JasonPBradford@mailinator.com,10/15/1927,Forme1927.gif
448,Robert,Tobias,Omni Source,(08) 8745 0835,RobertKTobias@spambob.com,3/25/1977,Conuthe.gif
449,Beatrice,Howell,Baltimore Markets,(02) 4937 5762,BeatriceWHowell@spambob.com,11/4/1957,Promand.gif
450,Clarence,Settles,Museum Company,(08) 9026 4123,ClarenceLSettles@dodgit.com,2/1/1955,Sames1955.gif
451,James,Reed,Mars Music,(02) 6188 3611,JamesMReed@spambob.com,10/28/1954,Goidesseem54.gif
452,Jesse,Brewington,Gart Sports,(03) 8160 7132,JesseEBrewington@trashymail.com,4/14/1966,Pely1966.gif
453,Lillian,Fox,Road Runner Lawn Services,(03) 5359 3810,LillianRFox@dodgit.com,3/14/1932,Fludersomand.gif
454,August,Ferrara,ManCharm,(07) 4074 2439,AugustZFerrara@spambob.com,5/2/1955,Chustered.gif
455,Ronald,Williams,The Polka Dot Bear Tavern,(07) 4599 7650,RonaldLWilliams@pookmail.com,11/6/1953,Olber1953.gif
456,Gordon,Malik,Warshal's,(08) 9346 4369,GordonUMalik@mailinator.com,12/22/1933,Hobeigiver1933.gif
457,Donald,Hernandez,Stratagee,(08) 9032 9760,DonaldJHernandez@dodgit.com,7/12/1927,Whooksgivem.gif
458,Ruby,Bruton,Netaid,(02) 4933 7716,RubyCBruton@spambob.com,4/27/1955,Plethell.gif
459,Bennie,Allen,BASCO,(07) 3987 3245,BennieCAllen@mailinator.com,7/18/1982,Onsille.gif
460,Daniel,Wicker,Harold's,(08) 8230 2437,DanielKWicker@trashymail.com,12/21/1973,Andook.gif
461,Betty,Sherrod,Virgin Megastores,(03) 6256 1864,BettyFSherrod@spambob.com,3/18/1961,Exionnk.gif
462,Rose,Wilcher,Thorofare,(02) 4707 5368,RoseJWilcher@mailinator.com,3/25/1951,Flust1951.gif
463,Irene,Deans,Buttrey Food & Drug,(08) 9327 0959,IreneJDeans@dodgit.com,10/10/1977,Caroo1977.gif
464,Larry,Morales,Hollywood Video,(03) 5388 0884,LarryEMorales@mailinator.com,2/16/1980,Therehe.gif
465,Michal,Summers,Food Fair,(02) 6781 4493,MichalRSummers@pookmail.com,8/23/1951,Youcity.gif
466,Corey,Morrison,Cellophane Square,(03) 6274 3951,CoreyBMorrison@pookmail.com,7/10/1965,Gole1965.gif
467,Mark,Brooks,Practi-Plan Mapping,(03) 5308 0447,MarkYBrooks@mailinator.com,10/14/1993,Experearie1993.gif
468,Frank,Routh,Hill-Behan,(02) 4011 1823,FrankKRouth@dodgit.com,3/2/1939,Cones1939.gif
469,Jerome,Knox,Walt's IGA,(03) 5335 4794,JeromeGKnox@mailinator.com,10/23/1970,Tered1970.gif
470,Joseph,Monti,Alexander's,(02) 4659 3970,JosephKMonti@dodgit.com,1/9/1943,Mics1943.gif
471,Brett,Rodriguez,Your Future Is Now,(02) 6739 4473,BrettMRodriguez@trashymail.com,8/3/1961,Ount1961.gif
472,Melody,Brown,Shoe Kicks,(08) 8263 2543,MelodyMBrown@mailinator.com,4/1/1965,Oust1965.gif
473,Bruce,Smith,Helios Air,(08) 9006 9471,BruceDSmith@pookmail.com,6/4/1970,Thably.gif
474,Glenn,Johnson,G.I. Joe's,(07) 4060 2414,GlennTJohnson@pookmail.com,12/28/1967,Forenot.gif
475,Josephine,Mauldin,Heilig-Meyers,(03) 5342 9447,JosephineHMauldin@mailinator.com,4/17/1968,Saingly.gif
476,Reginald,Holt,Fradkin Brothers Furniture,(02) 9324 3751,ReginaldLHolt@pookmail.com,9/19/1942,Sunts1942.gif
477,Mary,Anderson,Century House,(03) 9824 6253,MaryDAnderson@mailinator.com,5/7/1930,Aneent.gif
478,Jose,Hammons,Raleigh's,(07) 4525 0403,JoseAHammons@spambob.com,10/1/1971,Werter.gif
479,Susan,Corral,Yesterday's Records,(07) 4005 3760,SusanHCorral@trashymail.com,9/7/1974,Graints.gif
480,Julie,Shirley,Pantry Food Stores,(02) 4007 4977,JulieHShirley@trashymail.com,5/20/1983,Haptaimplay.gif
481,Cheryl,Allen,Gas Legion,(08) 9035 1546,CherylFAllen@trashymail.com,1/28/1935,Milughtly.gif
482,Alvin,Fortier,Friendly Interior Design,(07) 4936 8376,AlvinDFortier@dodgit.com,6/13/1963,Ragely63.gif
483,Hazel,Gerena,Greyvoid,(02) 4082 8612,HazelOGerena@pookmail.com,5/29/1969,Addapprilk.gif
484,Karen,Boyce,Parklane Hosiery,(08) 9027 1556,KarenJBoyce@trashymail.com,2/16/1930,Goot1930.gif
485,Joyce,McDaniel,Asian Answers,(02) 4911 6091,JoyceTMcDaniel@pookmail.com,8/20/1992,Enuenated.gif
486,Daniel,Ault,Steak and Ale,(02) 4966 2395,DanielCAult@trashymail.com,1/15/1958,Reactoorem.gif
487,Holly,Winfield,Larry's Markets,(08) 9057 9089,HollyWWinfield@dodgit.com,12/25/1938,Husted.gif
488,Carol,Brown,Practi-Plan,(08) 8798 1947,CarolRBrown@spambob.com,6/6/1936,Hithers.gif
489,Millard,Jones,Micro Design,(02) 6764 4747,MillardAJones@pookmail.com,11/9/1957,Whoust.gif
490,Robert,Adams,Omni Superstore,(02) 4983 2151,RobertVAdams@spambob.com,3/20/1962,Oltous62.gif
491,Jane,Taylor,The Flying Hippo ,(02) 6715 5576,JaneDTaylor@mailinator.com,11/2/1987,Einfer1987.gif
492,Beverly,Looper,Fireball,(03) 6271 1913,BeverlyWLooper@mailinator.com,9/5/1952,Upocand52.gif
493,Armand,Emmons,Parts and Pieces,(08) 9236 2845,ArmandDEmmons@mailinator.com,9/17/1940,Thimandind40.gif
494,Jeannie,Fetter,Dee's Drive-In,(07) 3218 3033,JeannieCFetter@dodgit.com,7/28/1943,Anky1943.gif
495,Elvis,Mata,Giant Open Air,(02) 6638 4825,ElvisMMata@pookmail.com,11/5/1974,Clinking.gif
496,Eugene,Burnett,Golden Dawn,(02) 9135 7203,EugeneMBurnett@spambob.com,3/17/1960,Roplegair.gif
497,Timothy,McDermott,Sammy's Record Shack,(02) 6798 3491,TimothyPMcDermott@spambob.com,6/16/1941,Symeave.gif
498,Beth,Mailloux,American Wholesale Club,(08) 9010 8154,BethGMailloux@pookmail.com,11/6/1936,Sexpround.gif
499,Connie,Leavitt,Two Pesos,(08) 9079 9331,ConnieRLeavitt@trashymail.com,11/5/1944,Friter.gif
500,Rena,Feeney,Prestigabiz,(08) 9089 9720,RenaCFeeney@dodgit.com,8/23/1930,Seter1930.gif
